,clusters,avg_recency,avg_frequency,avg_monetary,avg_clv_lifesp_m,avg_clv_lifesp_avg,customers_count
0,0,-0.9022827833145523,1.2525250609073248,0.8571148480276827,0.8191657729926924,0.857114750543847,270
1,1,-0.545341271917891,-0.08880013736958074,-0.1355793948209152,-0.20028594125089055,-0.13557954905430397,1648
2,2,-1.1868141786221684,11.74150109952687,21.205712148657668,20.669938063379735,21.20571321444622,4
3,3,1.2531156176973504,-0.3482009300289244,-0.1983762371007565,-0.06684226465195119,-0.19837594286175736,929
4,4,-1.0661490319210327,5.292094971178412,5.717656835585371,5.519574005099034,5.717657015965125,16
