clusters,recency,frequency,monetary,clv_historical,customer_count
0,-0.48297225314036174,-0.09785130776689865,-0.10163180512412184,-0.10163180512412184,2941
1,-0.9060571937738338,16.96884476762325,29.136164183288567,29.136164183288567,2
2,-0.8750507694188162,7.798017086922931,9.875986425344601,9.875986425344601,15
3,-0.7739968645907299,1.876114024237849,1.2860843315874622,1.2860843315874622,273
4,1.55492012884599,-0.3543969578031864,-0.24420586251187995,-0.24420586251187995,1059
